hidden_units,activations,optimizer,learning_rate,loss_fn,beta1,beta2,rho,l_1,l_2,batch_size,mse_train,mae_train,mse_test,mae_test,n_training_steps,model_name,training_time,time_started
"[300, 300]","['relu', 'relu']",momentum,0.01,mse,0.9,0.999,0.9,0.0,0.0,1000,3.2630942,0.22442885,2.541788,0.22363402,200,model_0,15.6,2018-07-10 17:32:56.678603
"[300, 300]","['relu', 'relu']",momentum,0.01,mse,0.9,0.999,0.9,0.0,0.0,1000,3.2054896,0.20552747,2.4875255,0.20382069,400,model_1,16.6,2018-07-10 17:33:13.228955
"[300, 300]","['relu', 'relu']",momentum,0.01,mse,0.9,0.999,0.9,0.0,0.0,1000,3.1387753,0.20719,2.4274197,0.20676027,800,model_2,22.3,2018-07-10 17:33:35.544523
"[300, 300]","['relu', 'relu']",momentum,0.01,mse,0.9,0.999,0.9,0.0,0.0,1000,3.4571772,0.20663957,2.7391057,0.20879905,1600,model_3,33.8,2018-07-10 17:34:09.311218
"[300, 300]","['relu', 'relu']",momentum,0.01,mse,0.9,0.999,0.9,0.0,0.0,10000,3.247596,0.23278494,2.5272934,0.23149021,200,model_4,37.3,2018-07-10 17:34:46.641648
"[300, 300]","['relu', 'relu']",momentum,0.01,mse,0.9,0.999,0.9,0.0,0.0,10000,3.1812105,0.22186114,2.4630117,0.21977276,400,model_5,63.9,2018-07-10 17:35:50.493530
"[300, 300]","['relu', 'relu']",momentum,0.01,mse,0.9,0.999,0.9,0.0,0.0,10000,3.110666,0.21425928,2.3981013,0.21313974,800,model_6,116.9,2018-07-10 17:37:47.390093
"[300, 300]","['relu', 'relu']",momentum,0.01,mse,0.9,0.999,0.9,0.0,0.0,10000,2.9647465,0.20560707,2.2635186,0.20604576,1600,model_7,222.5,2018-07-10 17:41:29.895638
"[300, 300]","['relu', 'relu']",momentum,0.01,mae,0.9,0.999,0.9,0.0,0.0,1000,3.4571772,0.206639,2.7391057,0.20879872,200,model_8,13.8,2018-07-10 17:41:43.654793
"[300, 300]","['relu', 'relu']",momentum,0.01,mae,0.9,0.999,0.9,0.0,0.0,1000,3.4571772,0.206639,2.7391057,0.20879872,400,model_9,16.5,2018-07-10 17:42:00.144376
"[300, 300]","['relu', 'relu']",momentum,0.01,mae,0.9,0.999,0.9,0.0,0.0,10000,3.4571772,0.206639,2.7391057,0.20879872,200,model_10,37.3,2018-07-10 17:42:37.438390
"[300, 300]","['relu', 'relu']",momentum,0.01,mae,0.9,0.999,0.9,0.0,0.0,10000,3.4571772,0.206639,2.7391057,0.20879872,400,model_11,63.9,2018-07-10 17:43:41.314092
"[300, 300]","['relu', 'relu']",momentum,0.005,mse,0.9,0.999,0.9,0.0,0.0,1000,3.297701,0.2397314,2.5779116,0.23956455,200,model_12,13.7,2018-07-10 17:43:55.062876
"[300, 300]","['relu', 'relu']",momentum,0.005,mse,0.9,0.999,0.9,0.0,0.0,1000,3.2509437,0.21749075,2.529196,0.21615352,400,model_13,16.5,2018-07-10 17:44:11.532461
"[300, 300]","['relu', 'relu']",momentum,0.005,mse,0.9,0.999,0.9,0.0,0.0,1000,3.1905928,0.21398915,2.4699552,0.2115903,800,model_14,22.2,2018-07-10 17:44:33.742661
"[300, 300]","['relu', 'relu']",momentum,0.005,mse,0.9,0.999,0.9,0.0,0.0,1000,3.1167367,0.21381283,2.394896,0.21142043,1600,model_15,33.6,2018-07-10 17:45:07.321046
"[300, 300]","['relu', 'relu']",momentum,0.005,mse,0.9,0.999,0.9,0.0,0.0,1000,3.0481675,0.20729303,2.3265588,0.20609717,3200,model_16,56.3,2018-07-10 17:46:03.608256
"[300, 300]","['relu', 'relu']",momentum,0.005,mse,0.9,0.999,0.9,0.0,0.0,1000,2.8993602,0.19256783,2.240092,0.19464216,6400,model_17,101.9,2018-07-10 17:47:45.494303
"[300, 300]","['relu', 'relu']",momentum,0.005,mse,0.9,0.999,0.9,0.0,0.0,1000,2.7341797,0.18182454,2.0984657,0.18283647,12800,model_18,192.7,2018-07-10 17:50:58.146305
"[300, 300]","['relu', 'relu']",momentum,0.005,mse,0.9,0.999,0.9,0.0,0.0,10000,3.2983098,0.24366233,2.5782197,0.24350269,200,model_19,37.4,2018-07-10 17:51:35.574785
"[300, 300]","['relu', 'relu']",momentum,0.005,mse,0.9,0.999,0.9,0.0,0.0,10000,3.4571772,0.206639,2.7391057,0.20879872,400,model_20,63.9,2018-07-10 17:52:39.491728
"[300, 300]","['relu', 'relu']",momentum,0.005,mae,0.9,0.999,0.9,0.0,0.0,1000,3.4190438,0.18895486,2.6999629,0.19035544,200,model_21,13.8,2018-07-10 17:52:53.266568
"[300, 300]","['relu', 'relu']",momentum,0.005,mae,0.9,0.999,0.9,0.0,0.0,1000,3.4571772,0.206639,2.7391057,0.20879872,400,model_22,16.5,2018-07-10 17:53:09.797467
"[300, 300]","['relu', 'relu']",momentum,0.005,mae,0.9,0.999,0.9,0.0,0.0,10000,3.4571772,0.206639,2.7391057,0.20879872,200,model_23,37.4,2018-07-10 17:53:47.165171
"[300, 300]","['relu', 'relu']",momentum,0.005,mae,0.9,0.999,0.9,0.0,0.0,10000,3.4571772,0.206639,2.7391057,0.20879872,400,model_24,64.0,2018-07-10 17:54:51.147477
"[300, 300]","['relu', 'relu']",sgd,0.01,mse,0.9,0.999,0.9,0.0,0.0,1000,3.4571772,0.20664169,2.7391057,0.20880696,200,model_25,13.5,2018-07-10 17:55:04.652141
"[300, 300]","['relu', 'relu']",sgd,0.01,mse,0.9,0.999,0.9,0.0,0.0,1000,3.3405278,0.24836263,2.620612,0.24855243,400,model_26,16.3,2018-07-10 17:55:20.951825
"[300, 300]","['relu', 'relu']",sgd,0.01,mse,0.9,0.999,0.9,0.0,0.0,1000,3.3031535,0.2377955,2.5830946,0.23728034,800,model_27,21.9,2018-07-10 17:55:42.873333
"[300, 300]","['relu', 'relu']",sgd,0.01,mse,0.9,0.999,0.9,0.0,0.0,1000,3.2625268,0.23089096,2.542443,0.23012161,1600,model_28,33.4,2018-07-10 17:56:16.315243
"[300, 300]","['relu', 'relu']",sgd,0.01,mse,0.9,0.999,0.9,0.0,0.0,1000,3.2045941,0.2230058,2.4852364,0.22117028,3200,model_29,56.1,2018-07-10 17:57:12.376176
"[300, 300]","['relu', 'relu']",sgd,0.01,mse,0.9,0.999,0.9,0.0,0.0,1000,3.1266005,0.21818835,2.4110353,0.21634096,6400,model_30,101.6,2018-07-10 17:58:53.973003
"[300, 300]","['relu', 'relu']",sgd,0.01,mse,0.9,0.999,0.9,0.0,0.0,1000,3.033543,0.20873366,2.3294933,0.20891023,12800,model_31,192.5,2018-07-10 18:02:06.507458
"[300, 300]","['relu', 'relu']",sgd,0.01,mse,0.9,0.999,0.9,0.0,0.0,10000,3.3571455,0.2636986,2.6375935,0.26455864,200,model_32,37.2,2018-07-10 18:02:43.699454
"[300, 300]","['relu', 'relu']",sgd,0.01,mse,0.9,0.999,0.9,0.0,0.0,10000,3.4571772,0.2067016,2.7391067,0.2088649,400,model_33,63.7,2018-07-10 18:03:47.362611
"[300, 300]","['relu', 'relu']",sgd,0.01,mae,0.9,0.999,0.9,0.0,0.0,1000,3.4571772,0.20663945,2.7391057,0.20879963,200,model_34,13.5,2018-07-10 18:04:00.887164
"[300, 300]","['relu', 'relu']",sgd,0.01,mae,0.9,0.999,0.9,0.0,0.0,1000,3.4571772,0.20663933,2.7391057,0.2088004,400,model_35,16.3,2018-07-10 18:04:17.183455
"[300, 300]","['relu', 'relu']",sgd,0.01,mae,0.9,0.999,0.9,0.0,0.0,10000,3.4571772,0.20663904,2.7391057,0.20879872,200,model_36,37.3,2018-07-10 18:04:54.490313
"[300, 300]","['relu', 'relu']",sgd,0.01,mae,0.9,0.999,0.9,0.0,0.0,10000,3.428308,0.19192159,2.710149,0.19367838,400,model_37,63.6,2018-07-10 18:05:58.049600
"[300, 300]","['relu', 'relu']",sgd,0.01,mae,0.9,0.999,0.9,0.0,0.0,10000,3.4137218,0.1868552,2.6950889,0.18823119,800,model_38,116.6,2018-07-10 18:07:54.642069
"[300, 300]","['relu', 'relu']",sgd,0.01,mae,0.9,0.999,0.9,0.0,0.0,10000,3.4039855,0.18306983,2.6856203,0.18430391,1600,model_39,222.9,2018-07-10 18:11:37.572680
"[300, 300]","['relu', 'relu']",sgd,0.005,mse,0.9,0.999,0.9,0.0,0.0,1000,3.373913,0.268885,2.6556761,0.27017134,200,model_40,13.5,2018-07-10 18:11:51.091527
"[300, 300]","['relu', 'relu']",sgd,0.005,mse,0.9,0.999,0.9,0.0,0.0,1000,3.3513627,0.25424987,2.631427,0.2550673,400,model_41,16.2,2018-07-10 18:12:07.310846
"[300, 300]","['relu', 'relu']",sgd,0.005,mse,0.9,0.999,0.9,0.0,0.0,1000,3.3338783,0.25104934,2.613572,0.25117335,800,model_42,22.0,2018-07-10 18:12:29.310544
"[300, 300]","['relu', 'relu']",sgd,0.005,mse,0.9,0.999,0.9,0.0,0.0,1000,3.4571772,0.206639,2.7391057,0.20879872,1600,model_43,33.4,2018-07-10 18:13:02.693468
"[300, 300]","['relu', 'relu']",sgd,0.005,mse,0.9,0.999,0.9,0.0,0.0,10000,3.3923852,0.26982832,2.6722877,0.27030045,200,model_44,37.2,2018-07-10 18:13:39.848833
"[300, 300]","['relu', 'relu']",sgd,0.005,mse,0.9,0.999,0.9,0.0,0.0,10000,3.3537748,0.26259938,2.6346893,0.2636097,400,model_45,63.6,2018-07-10 18:14:43.496995
"[300, 300]","['relu', 'relu']",sgd,0.005,mse,0.9,0.999,0.9,0.0,0.0,10000,3.3328412,0.2559044,2.6134706,0.2560454,800,model_46,116.7,2018-07-10 18:16:40.162162
"[300, 300]","['relu', 'relu']",sgd,0.005,mse,0.9,0.999,0.9,0.0,0.0,10000,3.308534,0.24722911,2.5886405,0.24662228,1600,model_47,222.7,2018-07-10 18:20:22.820411
"[300, 300]","['relu', 'relu']",sgd,0.005,mae,0.9,0.999,0.9,0.0,0.0,1000,3.43596,0.19600344,2.7172604,0.19762036,200,model_48,13.6,2018-07-10 18:20:36.434251
"[300, 300]","['relu', 'relu']",sgd,0.005,mae,0.9,0.999,0.9,0.0,0.0,1000,3.4571772,0.20663904,2.7391057,0.20879883,400,model_49,17.2,2018-07-10 18:20:53.611261
"[300, 300]","['relu', 'relu']",sgd,0.005,mae,0.9,0.999,0.9,0.0,0.0,10000,3.442977,0.19966343,2.7225251,0.20145589,200,model_50,37.0,2018-07-10 18:21:30.642075
"[300, 300]","['relu', 'relu']",sgd,0.005,mae,0.9,0.999,0.9,0.0,0.0,10000,3.430578,0.19432668,2.7111194,0.19605586,400,model_51,63.8,2018-07-10 18:22:34.456017
"[300, 300]","['relu', 'relu']",sgd,0.005,mae,0.9,0.999,0.9,0.0,0.0,10000,3.419641,0.18843049,2.7017944,0.19003846,800,model_52,117.1,2018-07-10 18:24:31.595029
"[300, 300]","['relu', 'relu']",sgd,0.005,mae,0.9,0.999,0.9,0.0,0.0,10000,3.4571772,0.206639,2.7391057,0.20879872,1600,model_53,222.7,2018-07-10 18:28:14.321030
"[300, 500]","['relu', 'relu']",momentum,0.01,mse,0.9,0.999,0.9,0.0,0.0,1000,3.2596579,0.22260916,2.537295,0.22148171,200,model_54,15.5,2018-07-10 18:28:29.821911
"[300, 500]","['relu', 'relu']",momentum,0.01,mse,0.9,0.999,0.9,0.0,0.0,1000,3.1926162,0.21544525,2.4728558,0.21280198,400,model_55,19.3,2018-07-10 18:28:49.141423
"[300, 500]","['relu', 'relu']",momentum,0.01,mse,0.9,0.999,0.9,0.0,0.0,1000,3.1293435,0.20941944,2.4173203,0.20858602,800,model_56,27.6,2018-07-10 18:29:16.749297
"[300, 500]","['relu', 'relu']",momentum,0.01,mse,0.9,0.999,0.9,0.0,0.0,1000,3.0505996,0.2081153,2.3431747,0.20764306,1600,model_57,43.8,2018-07-10 18:30:00.596382
"[300, 500]","['relu', 'relu']",momentum,0.01,mse,0.9,0.999,0.9,0.0,0.0,1000,3.4571772,0.206639,2.7391057,0.20879872,3200,model_58,76.8,2018-07-10 18:31:17.362750
"[300, 500]","['relu', 'relu']",momentum,0.01,mse,0.9,0.999,0.9,0.0,0.0,10000,3.4571757,0.20667213,2.7391052,0.20882782,200,model_59,50.0,2018-07-10 18:32:07.394842
"[300, 500]","['relu', 'relu']",momentum,0.01,mse,0.9,0.999,0.9,0.0,0.0,10000,3.1883705,0.2221514,2.4706328,0.2202054,400,model_60,88.7,2018-07-10 18:33:36.094221
"[300, 500]","['relu', 'relu']",momentum,0.01,mse,0.9,0.999,0.9,0.0,0.0,10000,3.1038804,0.21575493,2.3914323,0.21461017,800,model_61,166.2,2018-07-10 18:36:22.251130
"[300, 500]","['relu', 'relu']",momentum,0.01,mse,0.9,0.999,0.9,0.0,0.0,10000,2.9677916,0.20336755,2.2720342,0.20373462,1600,model_62,321.4,2018-07-10 18:41:43.669083
"[300, 500]","['relu', 'relu']",momentum,0.01,mae,0.9,0.999,0.9,0.0,0.0,1000,3.4571772,0.206639,2.7391057,0.20879872,200,model_63,15.4,2018-07-10 18:41:59.062093
"[300, 500]","['relu', 'relu']",momentum,0.01,mae,0.9,0.999,0.9,0.0,0.0,1000,3.4571772,0.206639,2.7391057,0.20879872,400,model_64,19.4,2018-07-10 18:42:18.471170
"[300, 500]","['relu', 'relu']",momentum,0.01,mae,0.9,0.999,0.9,0.0,0.0,10000,3.4571772,0.206639,2.7391057,0.20879872,200,model_65,49.8,2018-07-10 18:43:08.292132
"[300, 500]","['relu', 'relu']",momentum,0.01,mae,0.9,0.999,0.9,0.0,0.0,10000,3.4571772,0.206639,2.7391057,0.20879872,400,model_66,89.0,2018-07-10 18:44:37.256121
"[300, 500]","['relu', 'relu']",momentum,0.005,mse,0.9,0.999,0.9,0.0,0.0,1000,3.3042884,0.24033645,2.5840886,0.24023366,200,model_67,15.2,2018-07-10 18:44:52.497555
"[300, 500]","['relu', 'relu']",momentum,0.005,mse,0.9,0.999,0.9,0.0,0.0,1000,3.2577443,0.22169465,2.5364556,0.22049323,400,model_68,19.4,2018-07-10 18:45:11.876186
"[300, 500]","['relu', 'relu']",momentum,0.005,mse,0.9,0.999,0.9,0.0,0.0,1000,3.193487,0.21570161,2.472145,0.21305755,800,model_69,27.7,2018-07-10 18:45:39.573432
"[300, 500]","['relu', 'relu']",momentum,0.005,mse,0.9,0.999,0.9,0.0,0.0,1000,3.1232727,0.2069288,2.4031065,0.20516531,1600,model_70,44.0,2018-07-10 18:46:23.537106
"[300, 500]","['relu', 'relu']",momentum,0.005,mse,0.9,0.999,0.9,0.0,0.0,1000,3.0257168,0.20644629,2.309205,0.20540652,3200,model_71,76.9,2018-07-10 18:47:40.414826
"[300, 500]","['relu', 'relu']",momentum,0.005,mse,0.9,0.999,0.9,0.0,0.0,1000,2.9110477,0.19527555,2.2423322,0.19657579,6400,model_72,142.3,2018-07-10 18:50:02.743070
"[300, 500]","['relu', 'relu']",momentum,0.005,mse,0.9,0.999,0.9,0.0,0.0,1000,2.6698513,0.17583716,2.0437896,0.17464328,12800,model_73,273.6,2018-07-10 18:54:36.376775
"[300, 500]","['relu', 'relu']",momentum,0.005,mse,0.9,0.999,0.9,0.0,0.0,10000,3.298078,0.24304159,2.5789044,0.2425542,200,model_74,50.0,2018-07-10 18:55:26.341898
"[300, 500]","['relu', 'relu']",momentum,0.005,mse,0.9,0.999,0.9,0.0,0.0,10000,3.2493937,0.23177966,2.5310109,0.23066111,400,model_75,88.9,2018-07-10 18:56:55.193965
"[300, 500]","['relu', 'relu']",momentum,0.005,mse,0.9,0.999,0.9,0.0,0.0,10000,3.1869073,0.22284323,2.4686632,0.2207536,800,model_76,166.1,2018-07-10 18:59:41.255153
"[300, 500]","['relu', 'relu']",momentum,0.005,mse,0.9,0.999,0.9,0.0,0.0,10000,3.0932603,0.21383463,2.3806431,0.21232097,1600,model_77,321.0,2018-07-10 19:05:02.235079
"[300, 500]","['relu', 'relu']",momentum,0.005,mae,0.9,0.999,0.9,0.0,0.0,1000,3.4571772,0.206639,2.7391057,0.20879872,200,model_78,15.2,2018-07-10 19:05:17.466660
"[300, 500]","['relu', 'relu']",momentum,0.005,mae,0.9,0.999,0.9,0.0,0.0,1000,3.4571772,0.206639,2.7391057,0.20879872,400,model_79,19.8,2018-07-10 19:05:37.276795
"[300, 500]","['relu', 'relu']",momentum,0.005,mae,0.9,0.999,0.9,0.0,0.0,10000,3.4571772,0.206639,2.7391057,0.20879872,200,model_80,50.1,2018-07-10 19:06:27.331964
"[300, 500]","['relu', 'relu']",momentum,0.005,mae,0.9,0.999,0.9,0.0,0.0,10000,3.4571772,0.206639,2.7391057,0.20879872,400,model_81,88.9,2018-07-10 19:07:56.198231
"[300, 500]","['relu', 'relu']",sgd,0.01,mse,0.9,0.999,0.9,0.0,0.0,1000,3.3575864,0.2652612,2.6379638,0.26600945,200,model_82,15.2,2018-07-10 19:08:11.399779
"[300, 500]","['relu', 'relu']",sgd,0.01,mse,0.9,0.999,0.9,0.0,0.0,1000,3.4571772,0.20664062,2.7391057,0.20879962,400,model_83,19.1,2018-07-10 19:08:30.510207
"[300, 500]","['relu', 'relu']",sgd,0.01,mse,0.9,0.999,0.9,0.0,0.0,10000,3.3610995,0.26716006,2.6412039,0.26794392,200,model_84,49.6,2018-07-10 19:09:20.073274
"[300, 500]","['relu', 'relu']",sgd,0.01,mse,0.9,0.999,0.9,0.0,0.0,10000,3.3389692,0.25913072,2.6188416,0.25938058,400,model_85,88.4,2018-07-10 19:10:48.472199
"[300, 500]","['relu', 'relu']",sgd,0.01,mse,0.9,0.999,0.9,0.0,0.0,10000,3.4571772,0.206639,2.7391057,0.20879872,800,model_86,165.9,2018-07-10 19:13:34.359626
"[300, 500]","['relu', 'relu']",sgd,0.01,mae,0.9,0.999,0.9,0.0,0.0,1000,3.4571772,0.20664077,2.7391057,0.20880021,200,model_87,15.0,2018-07-10 19:13:49.356687
"[300, 500]","['relu', 'relu']",sgd,0.01,mae,0.9,0.999,0.9,0.0,0.0,1000,3.4571772,0.206639,2.7391057,0.20879872,400,model_88,19.2,2018-07-10 19:14:08.544296
"[300, 500]","['relu', 'relu']",sgd,0.01,mae,0.9,0.999,0.9,0.0,0.0,1000,3.4571772,0.20663914,2.7391057,0.20879902,800,model_89,27.5,2018-07-10 19:14:36.085443
"[300, 500]","['relu', 'relu']",sgd,0.01,mae,0.9,0.999,0.9,0.0,0.0,10000,3.4318838,0.1932962,2.7129445,0.19498004,200,model_90,49.7,2018-07-10 19:15:25.800799
"[300, 500]","['relu', 'relu']",sgd,0.01,mae,0.9,0.999,0.9,0.0,0.0,10000,3.4571772,0.206639,2.7391057,0.20879927,400,model_91,88.7,2018-07-10 19:16:54.521295
"[300, 500]","['relu', 'relu']",sgd,0.005,mse,0.9,0.999,0.9,0.0,0.0,1000,3.3676543,0.26613742,2.6471882,0.26708597,200,model_92,15.1,2018-07-10 19:17:09.611646
"[300, 500]","['relu', 'relu']",sgd,0.005,mse,0.9,0.999,0.9,0.0,0.0,1000,3.3615067,0.26019615,2.6416554,0.2607697,400,model_93,19.4,2018-07-10 19:17:29.040139
"[300, 500]","['relu', 'relu']",sgd,0.005,mse,0.9,0.999,0.9,0.0,0.0,1000,3.3397815,0.25286472,2.6204739,0.25316036,800,model_94,27.4,2018-07-10 19:17:56.466385
"[300, 500]","['relu', 'relu']",sgd,0.005,mse,0.9,0.999,0.9,0.0,0.0,1000,3.4571772,0.206639,2.7391057,0.20879872,1600,model_95,43.8,2018-07-10 19:18:40.297511
"[300, 500]","['relu', 'relu']",sgd,0.005,mse,0.9,0.999,0.9,0.0,0.0,10000,3.457177,0.20667335,2.7391057,0.20883556,200,model_96,49.6,2018-07-10 19:19:29.858571
"[300, 500]","['relu', 'relu']",sgd,0.005,mse,0.9,0.999,0.9,0.0,0.0,10000,3.355577,0.26532188,2.635318,0.26594555,400,model_97,88.4,2018-07-10 19:20:58.298357
"[300, 500]","['relu', 'relu']",sgd,0.005,mse,0.9,0.999,0.9,0.0,0.0,10000,3.3358502,0.2556487,2.616286,0.25603005,800,model_98,165.8,2018-07-10 19:23:44.123214
"[300, 500]","['relu', 'relu']",sgd,0.005,mse,0.9,0.999,0.9,0.0,0.0,10000,3.4571772,0.206639,2.7391057,0.20879872,1600,model_99,321.2,2018-07-10 19:29:05.360866
"[300, 500]","['relu', 'relu']",sgd,0.005,mae,0.9,0.999,0.9,0.0,0.0,1000,3.4472868,0.20064329,2.7300205,0.20254478,200,model_100,15.1,2018-07-10 19:29:20.434958
"[300, 500]","['relu', 'relu']",sgd,0.005,mae,0.9,0.999,0.9,0.0,0.0,1000,3.4335084,0.1941453,2.7141109,0.19571365,400,model_101,19.3,2018-07-10 19:29:39.696104
"[300, 500]","['relu', 'relu']",sgd,0.005,mae,0.9,0.999,0.9,0.0,0.0,1000,3.4571772,0.20663911,2.7391057,0.20879954,800,model_102,27.5,2018-07-10 19:30:07.218785
"[300, 500]","['relu', 'relu']",sgd,0.005,mae,0.9,0.999,0.9,0.0,0.0,10000,3.4571772,0.20664108,2.7391057,0.20880018,200,model_103,49.8,2018-07-10 19:30:57.002258
"[300, 500]","['relu', 'relu']",sgd,0.005,mae,0.9,0.999,0.9,0.0,0.0,10000,3.4571772,0.20663922,2.7391057,0.20879884,400,model_104,88.7,2018-07-10 19:32:25.694062
"[300, 500]","['relu', 'relu']",sgd,0.005,mae,0.9,0.999,0.9,0.0,0.0,10000,3.4273343,0.19205327,2.7081797,0.19355176,800,model_105,166.2,2018-07-10 19:35:11.848977
"[300, 500]","['relu', 'relu']",sgd,0.005,mae,0.9,0.999,0.9,0.0,0.0,10000,3.4145865,0.18649843,2.695544,0.18787743,1600,model_106,321.2,2018-07-10 19:40:33.071322
"[500, 300]","['relu', 'relu']",momentum,0.01,mse,0.9,0.999,0.9,0.0,0.0,1000,3.2553027,0.22877133,2.5333877,0.22770122,200,model_107,15.6,2018-07-10 19:40:48.671929
"[500, 300]","['relu', 'relu']",momentum,0.01,mse,0.9,0.999,0.9,0.0,0.0,1000,3.206919,0.20500651,2.4878387,0.20323087,400,model_108,19.6,2018-07-10 19:41:08.313861
"[500, 300]","['relu', 'relu']",momentum,0.01,mse,0.9,0.999,0.9,0.0,0.0,1000,3.1285038,0.20763643,2.412141,0.20629282,800,model_109,27.9,2018-07-10 19:41:36.166493
"[500, 300]","['relu', 'relu']",momentum,0.01,mse,0.9,0.999,0.9,0.0,0.0,1000,3.0329654,0.20763965,2.3279757,0.20736483,1600,model_110,44.5,2018-07-10 19:42:20.650724
"[500, 300]","['relu', 'relu']",momentum,0.01,mse,0.9,0.999,0.9,0.0,0.0,1000,2.908031,0.19647492,2.2115602,0.19659287,3200,model_111,77.3,2018-07-10 19:43:37.930575
"[500, 300]","['relu', 'relu']",momentum,0.01,mse,0.9,0.999,0.9,0.0,0.0,1000,3.2992063,0.2022261,2.610616,0.20310995,6400,model_112,143.2,2018-07-10 19:46:01.087384
"[500, 300]","['relu', 'relu']",momentum,0.01,mse,0.9,0.999,0.9,0.0,0.0,10000,3.252752,0.23351823,2.5330677,0.23247744,200,model_113,50.4,2018-07-10 19:46:51.494519
"[500, 300]","['relu', 'relu']",momentum,0.01,mse,0.9,0.999,0.9,0.0,0.0,10000,3.4571772,0.206639,2.7391057,0.20879872,400,model_114,89.6,2018-07-10 19:48:21.115241
"[500, 300]","['relu', 'relu']",momentum,0.01,mae,0.9,0.999,0.9,0.0,0.0,1000,3.4571772,0.206639,2.7391057,0.20879872,200,model_115,15.5,2018-07-10 19:48:36.625604
"[500, 300]","['relu', 'relu']",momentum,0.01,mae,0.9,0.999,0.9,0.0,0.0,1000,3.4571772,0.206639,2.7391057,0.20879872,400,model_116,19.8,2018-07-10 19:48:56.376843
"[500, 300]","['relu', 'relu']",momentum,0.01,mae,0.9,0.999,0.9,0.0,0.0,10000,3.4571772,0.206639,2.7391057,0.20879872,200,model_117,50.5,2018-07-10 19:49:46.889615
"[500, 300]","['relu', 'relu']",momentum,0.01,mae,0.9,0.999,0.9,0.0,0.0,10000,3.4571772,0.20663904,2.7391057,0.20879872,400,model_118,89.7,2018-07-10 19:51:16.639570
"[500, 300]","['relu', 'relu']",momentum,0.005,mse,0.9,0.999,0.9,0.0,0.0,1000,3.2990572,0.2381848,2.578905,0.237967,200,model_119,15.5,2018-07-10 19:51:32.147791
"[500, 300]","['relu', 'relu']",momentum,0.005,mse,0.9,0.999,0.9,0.0,0.0,1000,3.2576284,0.22187924,2.5361207,0.220663,400,model_120,20.0,2018-07-10 19:51:52.145156
"[500, 300]","['relu', 'relu']",momentum,0.005,mse,0.9,0.999,0.9,0.0,0.0,1000,3.1869526,0.21285899,2.46532,0.21047309,800,model_121,27.8,2018-07-10 19:52:19.963947
"[500, 300]","['relu', 'relu']",momentum,0.005,mse,0.9,0.999,0.9,0.0,0.0,1000,3.4571772,0.206639,2.7391057,0.20879872,1600,model_122,44.5,2018-07-10 19:53:04.415507
"[500, 300]","['relu', 'relu']",momentum,0.005,mse,0.9,0.999,0.9,0.0,0.0,10000,3.2922847,0.242543,2.5728168,0.24191253,200,model_123,50.8,2018-07-10 19:53:55.195745
"[500, 300]","['relu', 'relu']",momentum,0.005,mse,0.9,0.999,0.9,0.0,0.0,10000,3.2426238,0.2315604,2.5232227,0.23029763,400,model_124,89.8,2018-07-10 19:55:24.978800
"[500, 300]","['relu', 'relu']",momentum,0.005,mse,0.9,0.999,0.9,0.0,0.0,10000,3.1820621,0.22330275,2.464418,0.22118938,800,model_125,167.8,2018-07-10 19:58:12.823476
"[500, 300]","['relu', 'relu']",momentum,0.005,mse,0.9,0.999,0.9,0.0,0.0,10000,3.084189,0.21265806,2.3733742,0.21126062,1600,model_126,324.4,2018-07-10 20:03:37.236285
"[500, 300]","['relu', 'relu']",momentum,0.005,mae,0.9,0.999,0.9,0.0,0.0,1000,3.4571772,0.206639,2.7391057,0.20879872,200,model_127,15.6,2018-07-10 20:03:52.795588
"[500, 300]","['relu', 'relu']",momentum,0.005,mae,0.9,0.999,0.9,0.0,0.0,1000,3.4571772,0.206639,2.7391057,0.20879872,400,model_128,19.7,2018-07-10 20:04:12.506736
"[500, 300]","['relu', 'relu']",momentum,0.005,mae,0.9,0.999,0.9,0.0,0.0,10000,3.4571772,0.206639,2.7391057,0.20879872,200,model_129,50.8,2018-07-10 20:05:03.276730
"[500, 300]","['relu', 'relu']",momentum,0.005,mae,0.9,0.999,0.9,0.0,0.0,10000,3.4571772,0.206639,2.7391057,0.20879872,400,model_130,89.7,2018-07-10 20:06:32.964372
"[500, 300]","['relu', 'relu']",sgd,0.01,mse,0.9,0.999,0.9,0.0,0.0,1000,3.3569884,0.26192755,2.637184,0.2627604,200,model_131,15.4,2018-07-10 20:06:48.349603
"[500, 300]","['relu', 'relu']",sgd,0.01,mse,0.9,0.999,0.9,0.0,0.0,1000,3.3342276,0.24614368,2.6155176,0.24648814,400,model_132,19.4,2018-07-10 20:07:07.766633
"[500, 300]","['relu', 'relu']",sgd,0.01,mse,0.9,0.999,0.9,0.0,0.0,1000,3.3061595,0.23757797,2.5859194,0.23741776,800,model_133,27.9,2018-07-10 20:07:35.640841
"[500, 300]","['relu', 'relu']",sgd,0.01,mse,0.9,0.999,0.9,0.0,0.0,1000,3.2594218,0.23056905,2.5393417,0.22962843,1600,model_134,44.1,2018-07-10 20:08:19.781195
"[500, 300]","['relu', 'relu']",sgd,0.01,mse,0.9,0.999,0.9,0.0,0.0,1000,3.205978,0.22356932,2.4877646,0.22157863,3200,model_135,76.9,2018-07-10 20:09:36.721420
"[500, 300]","['relu', 'relu']",sgd,0.01,mse,0.9,0.999,0.9,0.0,0.0,1000,3.1270602,0.21903247,2.4131422,0.21740842,6400,model_136,142.8,2018-07-10 20:11:59.561998
"[500, 300]","['relu', 'relu']",sgd,0.01,mse,0.9,0.999,0.9,0.0,0.0,1000,3.0265222,0.21089467,2.322147,0.2106753,12800,model_137,274.3,2018-07-10 20:16:33.860078
"[500, 300]","['relu', 'relu']",sgd,0.01,mse,0.9,0.999,0.9,0.0,0.0,10000,3.3540013,0.26329842,2.6347551,0.2641202,200,model_138,50.3,2018-07-10 20:17:24.190161
"[500, 300]","['relu', 'relu']",sgd,0.01,mse,0.9,0.999,0.9,0.0,0.0,10000,3.4571776,0.20668381,2.7391062,0.20884268,400,model_139,89.4,2018-07-10 20:18:53.604920
"[500, 300]","['relu', 'relu']",sgd,0.01,mae,0.9,0.999,0.9,0.0,0.0,1000,3.4571772,0.2066393,2.7391057,0.20879899,200,model_140,15.3,2018-07-10 20:19:08.945576
"[500, 300]","['relu', 'relu']",sgd,0.01,mae,0.9,0.999,0.9,0.0,0.0,1000,3.4417038,0.20037583,2.7246048,0.20224483,400,model_141,19.4,2018-07-10 20:19:28.339459
"[500, 300]","['relu', 'relu']",sgd,0.01,mae,0.9,0.999,0.9,0.0,0.0,1000,3.4139156,0.18684562,2.6943536,0.18822394,800,model_142,27.8,2018-07-10 20:19:56.120041
"[500, 300]","['relu', 'relu']",sgd,0.01,mae,0.9,0.999,0.9,0.0,0.0,1000,3.402639,0.18278208,2.6847262,0.18405129,1600,model_143,44.2,2018-07-10 20:20:40.288275
"[500, 300]","['relu', 'relu']",sgd,0.01,mae,0.9,0.999,0.9,0.0,0.0,1000,3.4571772,0.206639,2.7391057,0.20879872,3200,model_144,77.0,2018-07-10 20:21:57.271668
"[500, 300]","['relu', 'relu']",sgd,0.01,mae,0.9,0.999,0.9,0.0,0.0,10000,3.4313648,0.19382016,2.7129204,0.19552322,200,model_145,50.3,2018-07-10 20:22:47.528420
"[500, 300]","['relu', 'relu']",sgd,0.01,mae,0.9,0.999,0.9,0.0,0.0,10000,3.4231486,0.19031408,2.704638,0.19188404,400,model_146,89.5,2018-07-10 20:24:17.053270
"[500, 300]","['relu', 'relu']",sgd,0.01,mae,0.9,0.999,0.9,0.0,0.0,10000,3.4167447,0.18769705,2.6978943,0.18915837,800,model_147,167.1,2018-07-10 20:27:04.150006
"[500, 300]","['relu', 'relu']",sgd,0.01,mae,0.9,0.999,0.9,0.0,0.0,10000,3.4049861,0.1829051,2.6866088,0.18416756,1600,model_148,324.0,2018-07-10 20:32:28.175415
"[500, 300]","['relu', 'relu']",sgd,0.005,mse,0.9,0.999,0.9,0.0,0.0,1000,3.376015,0.27516675,2.658428,0.27692503,200,model_149,15.5,2018-07-10 20:32:43.661210
"[500, 300]","['relu', 'relu']",sgd,0.005,mse,0.9,0.999,0.9,0.0,0.0,1000,3.3581662,0.2591118,2.6391246,0.26009986,400,model_150,19.6,2018-07-10 20:33:03.229603
"[500, 300]","['relu', 'relu']",sgd,0.005,mse,0.9,0.999,0.9,0.0,0.0,1000,3.4571793,0.20671335,2.7391064,0.20887932,800,model_151,27.8,2018-07-10 20:33:31.023055
"[500, 300]","['relu', 'relu']",sgd,0.005,mse,0.9,0.999,0.9,0.0,0.0,10000,3.376612,0.27096635,2.6580508,0.2721028,200,model_152,50.4,2018-07-10 20:34:21.414405
"[500, 300]","['relu', 'relu']",sgd,0.005,mse,0.9,0.999,0.9,0.0,0.0,10000,3.356446,0.2644775,2.6368551,0.26519248,400,model_153,89.4,2018-07-10 20:35:50.783062
"[500, 300]","['relu', 'relu']",sgd,0.005,mse,0.9,0.999,0.9,0.0,0.0,10000,3.335753,0.2568482,2.6160688,0.25706,800,model_154,167.2,2018-07-10 20:38:37.984082
"[500, 300]","['relu', 'relu']",sgd,0.005,mse,0.9,0.999,0.9,0.0,0.0,10000,3.3112528,0.24719928,2.591758,0.2468718,1600,model_155,323.1,2018-07-10 20:44:01.095722
"[500, 300]","['relu', 'relu']",sgd,0.005,mae,0.9,0.999,0.9,0.0,0.0,1000,3.4571772,0.20664549,2.7391057,0.20880464,200,model_156,15.5,2018-07-10 20:44:16.553864
"[500, 300]","['relu', 'relu']",sgd,0.005,mae,0.9,0.999,0.9,0.0,0.0,1000,3.4342077,0.19457513,2.7162726,0.19634138,400,model_157,19.5,2018-07-10 20:44:36.061752
"[500, 300]","['relu', 'relu']",sgd,0.005,mae,0.9,0.999,0.9,0.0,0.0,1000,3.4354112,0.19708076,2.713862,0.19890422,800,model_158,27.8,2018-07-10 20:45:03.843910
"[500, 300]","['relu', 'relu']",sgd,0.005,mae,0.9,0.999,0.9,0.0,0.0,10000,3.4571772,0.20664673,2.7391057,0.20880255,200,model_159,50.4,2018-07-10 20:45:54.205093
"[500, 300]","['relu', 'relu']",sgd,0.005,mae,0.9,0.999,0.9,0.0,0.0,10000,3.4324837,0.19445173,2.7128675,0.19605455,400,model_160,89.5,2018-07-10 20:47:23.695660
"[500, 300]","['relu', 'relu']",sgd,0.005,mae,0.9,0.999,0.9,0.0,0.0,10000,3.4571772,0.206639,2.7391057,0.20879872,800,model_161,167.5,2018-07-10 20:50:11.194827
"[500, 500]","['relu', 'relu']",momentum,0.01,mse,0.9,0.999,0.9,0.0,0.0,1000,3.25981,0.22591352,2.5383546,0.22473148,200,model_162,17.8,2018-07-10 20:50:29.002833
"[500, 500]","['relu', 'relu']",momentum,0.01,mse,0.9,0.999,0.9,0.0,0.0,1000,3.1979463,0.21031275,2.4804077,0.20833595,400,model_163,23.9,2018-07-10 20:50:52.940324
"[500, 500]","['relu', 'relu']",momentum,0.01,mse,0.9,0.999,0.9,0.0,0.0,1000,3.1258078,0.20876242,2.4115179,0.20750612,800,model_164,36.0,2018-07-10 20:51:28.929793
"[500, 500]","['relu', 'relu']",momentum,0.01,mse,0.9,0.999,0.9,0.0,0.0,1000,3.047092,0.2071187,2.3392727,0.20672859,1600,model_165,60.2,2018-07-10 20:52:29.151745
"[500, 500]","['relu', 'relu']",momentum,0.01,mse,0.9,0.999,0.9,0.0,0.0,1000,2.9356408,0.1993722,2.2413094,0.19832323,3200,model_166,108.9,2018-07-10 20:54:18.045469
"[500, 500]","['relu', 'relu']",momentum,0.01,mse,0.9,0.999,0.9,0.0,0.0,1000,3.2866735,0.21346313,2.552757,0.21936525,6400,model_167,205.8,2018-07-10 20:57:43.842152
"[500, 500]","['relu', 'relu']",momentum,0.01,mse,0.9,0.999,0.9,0.0,0.0,10000,3.2484665,0.2320992,2.529054,0.23109543,200,model_168,70.6,2018-07-10 20:58:54.482040
"[500, 500]","['relu', 'relu']",momentum,0.01,mse,0.9,0.999,0.9,0.0,0.0,10000,3.1837234,0.22329669,2.4664598,0.22132699,400,model_169,129.4,2018-07-10 21:01:03.879563
"[500, 500]","['relu', 'relu']",momentum,0.01,mse,0.9,0.999,0.9,0.0,0.0,10000,3.099076,0.21408962,2.386797,0.21273334,800,model_170,247.1,2018-07-10 21:05:10.968299
"[500, 500]","['relu', 'relu']",momentum,0.01,mse,0.9,0.999,0.9,0.0,0.0,10000,2.9737678,0.20111617,2.2799332,0.2012699,1600,model_171,482.5,2018-07-10 21:13:13.506738
"[500, 500]","['relu', 'relu']",momentum,0.01,mae,0.9,0.999,0.9,0.0,0.0,1000,3.4571772,0.206639,2.7391057,0.20879872,200,model_172,17.7,2018-07-10 21:13:31.251720
"[500, 500]","['relu', 'relu']",momentum,0.01,mae,0.9,0.999,0.9,0.0,0.0,1000,3.3881679,0.17785673,2.6698208,0.17882513,400,model_173,24.0,2018-07-10 21:13:55.295800
"[500, 500]","['relu', 'relu']",momentum,0.01,mae,0.9,0.999,0.9,0.0,0.0,1000,3.4571772,0.206639,2.7391057,0.20879872,800,model_174,36.1,2018-07-10 21:14:31.381136
"[500, 500]","['relu', 'relu']",momentum,0.01,mae,0.9,0.999,0.9,0.0,0.0,10000,3.4571772,0.206639,2.7391057,0.20879872,200,model_175,70.7,2018-07-10 21:15:42.033696
"[500, 500]","['relu', 'relu']",momentum,0.01,mae,0.9,0.999,0.9,0.0,0.0,10000,3.4571772,0.206639,2.7391057,0.20879872,400,model_176,129.6,2018-07-10 21:17:51.594742
"[500, 500]","['relu', 'relu']",momentum,0.005,mse,0.9,0.999,0.9,0.0,0.0,1000,3.296509,0.23963791,2.575888,0.23941986,200,model_177,17.8,2018-07-10 21:18:09.435985
"[500, 500]","['relu', 'relu']",momentum,0.005,mse,0.9,0.999,0.9,0.0,0.0,1000,3.252516,0.22293492,2.5306354,0.22146791,400,model_178,24.0,2018-07-10 21:18:33.446418
"[500, 500]","['relu', 'relu']",momentum,0.005,mse,0.9,0.999,0.9,0.0,0.0,1000,3.1926558,0.21317424,2.4712002,0.21074326,800,model_179,36.0,2018-07-10 21:19:09.466304
"[500, 500]","['relu', 'relu']",momentum,0.005,mse,0.9,0.999,0.9,0.0,0.0,1000,3.113827,0.20854907,2.3931684,0.20657344,1600,model_180,60.4,2018-07-10 21:20:09.911386
"[500, 500]","['relu', 'relu']",momentum,0.005,mse,0.9,0.999,0.9,0.0,0.0,1000,3.4571772,0.206639,2.7391057,0.20879872,3200,model_181,108.8,2018-07-10 21:21:58.712324
"[500, 500]","['relu', 'relu']",momentum,0.005,mse,0.9,0.999,0.9,0.0,0.0,10000,3.293587,0.24356797,2.5731466,0.24294285,200,model_182,70.5,2018-07-10 21:23:09.235676
"[500, 500]","['relu', 'relu']",momentum,0.005,mse,0.9,0.999,0.9,0.0,0.0,10000,3.2499762,0.23179983,2.5304828,0.23079278,400,model_183,129.7,2018-07-10 21:25:18.899837
"[500, 500]","['relu', 'relu']",momentum,0.005,mse,0.9,0.999,0.9,0.0,0.0,10000,3.1778257,0.22222184,2.461059,0.22013609,800,model_184,247.2,2018-07-10 21:29:26.089691
"[500, 500]","['relu', 'relu']",momentum,0.005,mse,0.9,0.999,0.9,0.0,0.0,10000,3.0945334,0.21409665,2.383484,0.21279953,1600,model_185,482.7,2018-07-10 21:37:28.813714
"[500, 500]","['relu', 'relu']",momentum,0.005,mae,0.9,0.999,0.9,0.0,0.0,1000,3.4571772,0.206639,2.7391057,0.20879872,200,model_186,17.9,2018-07-10 21:37:46.709318
"[500, 500]","['relu', 'relu']",momentum,0.005,mae,0.9,0.999,0.9,0.0,0.0,1000,3.4571772,0.206639,2.7391057,0.20879872,400,model_187,24.1,2018-07-10 21:38:10.760886
"[500, 500]","['relu', 'relu']",momentum,0.005,mae,0.9,0.999,0.9,0.0,0.0,10000,3.4571772,0.206639,2.7391057,0.20879872,200,model_188,70.6,2018-07-10 21:39:21.394797
"[500, 500]","['relu', 'relu']",momentum,0.005,mae,0.9,0.999,0.9,0.0,0.0,10000,3.4571772,0.206639,2.7391057,0.20879872,400,model_189,129.7,2018-07-10 21:41:31.143800
"[500, 500]","['relu', 'relu']",sgd,0.01,mse,0.9,0.999,0.9,0.0,0.0,1000,3.3584418,0.26553184,2.6388512,0.26640293,200,model_190,17.8,2018-07-10 21:41:48.920336
"[500, 500]","['relu', 'relu']",sgd,0.01,mse,0.9,0.999,0.9,0.0,0.0,1000,3.3354573,0.24599208,2.6161792,0.24673651,400,model_191,23.8,2018-07-10 21:42:12.673259
"[500, 500]","['relu', 'relu']",sgd,0.01,mse,0.9,0.999,0.9,0.0,0.0,1000,3.306914,0.23758645,2.586423,0.23720378,800,model_192,36.0,2018-07-10 21:42:48.630733
"[500, 500]","['relu', 'relu']",sgd,0.01,mse,0.9,0.999,0.9,0.0,0.0,1000,3.2654335,0.23066057,2.545461,0.22986253,1600,model_193,60.2,2018-07-10 21:43:48.833069
"[500, 500]","['relu', 'relu']",sgd,0.01,mse,0.9,0.999,0.9,0.0,0.0,1000,3.4571772,0.206639,2.7391057,0.20879872,3200,model_194,108.6,2018-07-10 21:45:37.445080
"[500, 500]","['relu', 'relu']",sgd,0.01,mse,0.9,0.999,0.9,0.0,0.0,10000,3.3573227,0.2651636,2.6377368,0.26604816,200,model_195,70.4,2018-07-10 21:46:47.862958
"[500, 500]","['relu', 'relu']",sgd,0.01,mse,0.9,0.999,0.9,0.0,0.0,10000,3.3411078,0.25982496,2.6215568,0.26035085,400,model_196,129.5,2018-07-10 21:48:57.344567
"[500, 500]","['relu', 'relu']",sgd,0.01,mse,0.9,0.999,0.9,0.0,0.0,10000,3.3060703,0.24777013,2.5862193,0.24729246,800,model_197,247.1,2018-07-10 21:53:04.479868
"[500, 500]","['relu', 'relu']",sgd,0.01,mse,0.9,0.999,0.9,0.0,0.0,10000,3.260241,0.23349024,2.540448,0.23276646,1600,model_198,482.4,2018-07-10 22:01:06.849080
"[500, 500]","['relu', 'relu']",sgd,0.01,mae,0.9,0.999,0.9,0.0,0.0,1000,3.4571772,0.20663908,2.7391057,0.20879912,200,model_199,17.8,2018-07-10 22:01:24.641553
"[500, 500]","['relu', 'relu']",sgd,0.01,mae,0.9,0.999,0.9,0.0,0.0,1000,3.4191563,0.18926406,2.6998103,0.19067308,400,model_200,23.7,2018-07-10 22:01:48.292651
"[500, 500]","['relu', 'relu']",sgd,0.01,mae,0.9,0.999,0.9,0.0,0.0,1000,3.4138145,0.18698817,2.695567,0.18843193,800,model_201,36.0,2018-07-10 22:02:24.287973
"[500, 500]","['relu', 'relu']",sgd,0.01,mae,0.9,0.999,0.9,0.0,0.0,1000,3.4571772,0.206639,2.7391057,0.20879872,1600,model_202,60.1,2018-07-10 22:03:24.397351
"[500, 500]","['relu', 'relu']",sgd,0.01,mae,0.9,0.999,0.9,0.0,0.0,10000,3.4468489,0.20328826,2.7300825,0.20540255,200,model_203,70.4,2018-07-10 22:04:34.764078
"[500, 500]","['relu', 'relu']",sgd,0.01,mae,0.9,0.999,0.9,0.0,0.0,10000,3.4217625,0.18986446,2.7038357,0.1914791,400,model_204,129.3,2018-07-10 22:06:44.102074
"[500, 500]","['relu', 'relu']",sgd,0.01,mae,0.9,0.999,0.9,0.0,0.0,10000,3.4571772,0.206639,2.7391057,0.20879872,800,model_205,247.1,2018-07-10 22:10:51.162511
"[500, 500]","['relu', 'relu']",sgd,0.005,mse,0.9,0.999,0.9,0.0,0.0,1000,3.3747687,0.27285275,2.6559875,0.273748,200,model_206,17.8,2018-07-10 22:11:08.983378
"[500, 500]","['relu', 'relu']",sgd,0.005,mse,0.9,0.999,0.9,0.0,0.0,1000,3.359089,0.25835267,2.6401048,0.25936186,400,model_207,23.8,2018-07-10 22:11:32.740311
"[500, 500]","['relu', 'relu']",sgd,0.005,mse,0.9,0.999,0.9,0.0,0.0,1000,3.336576,0.25083563,2.6170459,0.2512047,800,model_208,35.8,2018-07-10 22:12:08.560037
"[500, 500]","['relu', 'relu']",sgd,0.005,mse,0.9,0.999,0.9,0.0,0.0,1000,3.3038516,0.24419951,2.5847821,0.24380161,1600,model_209,60.2,2018-07-10 22:13:08.753187
"[500, 500]","['relu', 'relu']",sgd,0.005,mse,0.9,0.999,0.9,0.0,0.0,1000,3.26532,0.23434252,2.5453012,0.23382606,3200,model_210,108.6,2018-07-10 22:14:57.305464
"[500, 500]","['relu', 'relu']",sgd,0.005,mse,0.9,0.999,0.9,0.0,0.0,1000,3.2035222,0.22550209,2.485729,0.22372434,6400,model_211,206.0,2018-07-10 22:18:23.310606
"[500, 500]","['relu', 'relu']",sgd,0.005,mse,0.9,0.999,0.9,0.0,0.0,1000,3.1267912,0.21582724,2.4127228,0.21453194,12800,model_212,399.6,2018-07-10 22:25:02.932516
"[500, 500]","['relu', 'relu']",sgd,0.005,mse,0.9,0.999,0.9,0.0,0.0,10000,3.374278,0.26869404,2.6556108,0.269606,200,model_213,70.6,2018-07-10 22:26:13.519702
"[500, 500]","['relu', 'relu']",sgd,0.005,mse,0.9,0.999,0.9,0.0,0.0,10000,3.3553267,0.2637588,2.6362853,0.26447704,400,model_214,129.5,2018-07-10 22:28:23.003757
"[500, 500]","['relu', 'relu']",sgd,0.005,mse,0.9,0.999,0.9,0.0,0.0,10000,3.3366477,0.25698096,2.617448,0.2574187,800,model_215,247.1,2018-07-10 22:32:30.129176
"[500, 500]","['relu', 'relu']",sgd,0.005,mse,0.9,0.999,0.9,0.0,0.0,10000,3.3064735,0.24638699,2.5870872,0.24563788,1600,model_216,482.6,2018-07-10 22:40:32.705854
"[500, 500]","['relu', 'relu']",sgd,0.005,mae,0.9,0.999,0.9,0.0,0.0,1000,3.4571772,0.20664008,2.7391057,0.20879991,200,model_217,17.8,2018-07-10 22:40:50.473074
"[500, 500]","['relu', 'relu']",sgd,0.005,mae,0.9,0.999,0.9,0.0,0.0,1000,3.4571772,0.20663927,2.7391057,0.20880152,400,model_218,23.8,2018-07-10 22:41:14.284204
"[500, 500]","['relu', 'relu']",sgd,0.005,mae,0.9,0.999,0.9,0.0,0.0,10000,3.4354844,0.19620888,2.716686,0.19800594,200,model_219,70.4,2018-07-10 22:42:24.666708
"[500, 500]","['relu', 'relu']",sgd,0.005,mae,0.9,0.999,0.9,0.0,0.0,10000,3.4416158,0.19803385,2.7214909,0.19980852,400,model_220,129.2,2018-07-10 22:44:33.907385
"[300, 500]","['relu', 'relu']",momentum,0.005,mse,0.9,0.999,0.9,0.0,0.0,1000,2.5739062,0.16547301,1.9977264,0.16779779,2,model_0,274.1,2018-07-10 22:49:07.985468
"[300, 300]","['relu', 'relu']",momentum,0.005,mse,0.9,0.999,0.9,0.0,0.0,1000,3.4571772,0.20663926,2.7391057,0.20879921,2,model_1,192.8,2018-07-10 22:52:20.815100
"[500, 300]","['relu', 'relu']",momentum,0.01,mse,0.9,0.999,0.9,0.0,0.0,1000,3.4571772,0.206639,2.7391057,0.20879872,2,model_2,77.3,2018-07-10 22:53:38.135071
"[300, 300]","['relu', 'relu']",momentum,0.005,mse,0.9,0.999,0.9,0.0,0.0,1000,2.9882255,0.20272149,2.2917411,0.20327544,2,model_3,101.9,2018-07-10 22:55:20.028673
"[500, 500]","['relu', 'relu']",momentum,0.01,mse,0.9,0.999,0.9,0.0,0.0,1000,2.8955142,0.20122615,2.1973212,0.20165904,2,model_4,108.9,2018-07-10 22:57:08.895281
"[300, 500]","['relu', 'relu']",momentum,0.005,mse,0.9,0.999,0.9,0.0,0.0,1000,2.8844898,0.19820112,2.2183104,0.19967067,2,model_5,142.6,2018-07-10 22:59:31.498203
"[300, 300]","['relu', 'relu']",momentum,0.01,mse,0.9,0.999,0.9,0.0,0.0,10000,2.9758744,0.20310265,2.273352,0.20361583,2,model_6,218.0,2018-07-10 23:03:09.449346
"[300, 500]","['relu', 'relu']",momentum,0.01,mse,0.9,0.999,0.9,0.0,0.0,10000,2.9759984,0.20554042,2.2736769,0.2061154,2,model_7,320.6,2018-07-10 23:08:30.033164
"[500, 500]","['relu', 'relu']",momentum,0.01,mse,0.9,0.999,0.9,0.0,0.0,10000,2.9612157,0.20230815,2.2648764,0.20303014,2,model_8,482.4,2018-07-10 23:16:32.387568
"[300, 500]","['relu', 'relu']",momentum,0.005,mse,0.9,0.999,0.9,0.0,0.0,1000,3.4571772,0.206639,2.7391057,0.20879872,2,model_9,76.9,2018-07-10 23:17:49.319676
"[500, 500]","['relu', 'relu']",momentum,0.01,mae,0.9,0.999,0.9,0.0,0.0,1000,3.4571772,0.206639,2.7391057,0.20879872,2,model_0,24.3,2018-07-10 23:18:13.620416
"[500, 300]","['relu', 'relu']",sgd,0.01,mae,0.9,0.999,0.9,0.0,0.0,1000,3.4571772,0.20663904,2.7391057,0.20879872,2,model_1,44.1,2018-07-10 23:18:57.754286
"[500, 300]","['relu', 'relu']",sgd,0.01,mae,0.9,0.999,0.9,0.0,0.0,10000,3.4109602,0.18509205,2.6923718,0.18658672,2,model_2,324.4,2018-07-10 23:24:22.118720
"[300, 300]","['relu', 'relu']",sgd,0.01,mae,0.9,0.999,0.9,0.0,0.0,10000,3.405318,0.18310405,2.686862,0.18439156,2,model_3,217.9,2018-07-10 23:28:00.017986
"[300, 500]","['relu', 'relu']",sgd,0.005,mae,0.9,0.999,0.9,0.0,0.0,10000,3.4183035,0.18808943,2.699974,0.18955399,2,model_4,320.9,2018-07-10 23:33:20.933218
"[500, 300]","['relu', 'relu']",sgd,0.01,mae,0.9,0.999,0.9,0.0,0.0,1000,3.4148245,0.187413,2.695664,0.1888335,2,model_5,27.8,2018-07-10 23:33:48.762834
"[300, 300]","['relu', 'relu']",sgd,0.01,mae,0.9,0.999,0.9,0.0,0.0,10000,3.4571772,0.2066395,2.7391057,0.20879976,2,model_6,114.2,2018-07-10 23:35:42.997294
"[500, 500]","['relu', 'relu']",sgd,0.01,mae,0.9,0.999,0.9,0.0,0.0,1000,3.4571772,0.206639,2.7391057,0.20879872,2,model_7,36.1,2018-07-10 23:36:19.072490
"[500, 300]","['relu', 'relu']",sgd,0.01,mae,0.9,0.999,0.9,0.0,0.0,10000,3.4161954,0.18773244,2.6975267,0.18930183,2,model_8,167.7,2018-07-10 23:39:06.772684
"[300, 300]","['relu', 'relu']",sgd,0.005,mae,0.9,0.999,0.9,0.0,0.0,10000,3.4571772,0.206639,2.7391057,0.20879883,2,model_9,114.8,2018-07-10 23:41:01.537655
